{"GCJ tiles":false,"TDOM GSD":0.033,"TDOM generate time":94,"covered area":0.011939704379426538,"densify level":1,"densify time":17,"dom_screennail size":[4500,4000],"dsm_screennail size":[4500,4000],"enable CUDA":true,"fly altitude":64.5396276360662,"gps corner":{"bottom right lat":6.001844626279201,"bottom right lon":-0.05722433586690048,"top left lat":6.004032264099209,"top left lon":-0.05833702171157177},"map mode":4,"map tile":{"maximum level":22,"minimum level":12},"overlap_render size":[4500,4000],"quality level":1,"reflectance calibration":false}